korean,romanization,translation,status,unit,topic,example
시계,sigye,clock,forgotten,5,objects,시계가 있어요. — There is a clock.
돈,don,money,forgotten,7,objects,돈이 없어요. — I don't have money.
창문,changmun,window,forgotten,5,objects,창문을 열어요. — I open the window.
방향,banghyang,direction,forgotten,5,place,어느 방향이에요? — Which direction?
이동,idong,movement,forgotten,5,place,이동 시간이 길어요. — The travel time is long.
근처,geuncheo,nearby,forgotten,2,place,학교 근처에 살아요. — I live near the school.
주차장,juchajang,parking lot,forgotten,5,place,주차장이 어디예요? — Where is the parking lot?
건물,geonmul,building,forgotten,5,place,큰 건물이에요. — It's a big building.
맞아요,majayo,that's right,forgotten,5,phrases,"네 맞아요. — Yes, that's right."
학교,hakgyo,school,forgotten,5,place,학교에 가요. — I go to school.
지난,jinan,last/past,forgotten,5,time,지난 주에. — Last week.
봄,bom,spring,forgotten,1B,seasons,봄이 좋아요. — I like spring.
여름,yeoreum,summer,forgotten,1B,seasons,여름이 더워요. — Summer is hot.
가을,gaeul,autumn/fall,forgotten,1B,seasons,가을이 시원해요. — Autumn is cool.
겨울,gyeoul,winter,forgotten,1B,seasons,겨울이 추워요. — Winter is cold.
요일,yoil,day of week,forgotten,1B,time,오늘은 무슨 요일이에요? — What day is today?
술,sul,alcohol,forgotten,1B,food,술을 안 마셔요. — I don't drink alcohol.
야구,yagu,baseball,forgotten,1B,sports,야구를 좋아해요. — I like baseball.
수박,subak,watermelon,forgotten,4,food,수박이 맛있어요. — Watermelon is delicious.
사진 찍다,sajin jjikda,to take a photo,forgotten,1B,hobbies,사진을 찍어요. — I take photos.
낚시,naksi,fishing,forgotten,1B,hobbies,낚시를 해요. — I go fishing.
시간,sigan,time,forgotten,1B,time,시간이 없어요. — I don't have time.
자전거를 타다,jajeongeoreul tada,to ride a bike,forgotten,1B,hobbies,자전거를 타요. — I ride a bike.
맵다,maepda,spicy,forgotten,1B,food,김치가 매워요. — Kimchi is spicy.
아프다,apeuda,to be sick / to hurt,forgotten,9,state,머리가 아파요. — My head hurts.
배고프다,baegopeuda,to be hungry,forgotten,6,state,배가 고파요. — I'm hungry.
나쁘다,nappeuda,to be bad,forgotten,4,state,날씨가 나빠요. — The weather is bad.
슬프다,seulpeuda,to be sad,forgotten,4,state,슬퍼요. — I'm sad.
피곤하다,pigonhada,to be tired,forgotten,4,state,피곤해요. — I'm tired.
쉽다,swipda,to be easy,forgotten,4,state,쉬워요. — It's easy.
어렵다,eoryeopda,to be difficult,forgotten,4,state,어려워요. — It's difficult.
바쁘다,bappeuda,to be busy,forgotten,4,state,바빠요. — I'm busy.
늦다,neutda,to be late,forgotten,6,state,늦었어요. — I'm late.
비가 오다,biga oda,to rain,forgotten,4,weather,비가 와요. — It's raining.
눈이 오다,nuni oda,to snow,forgotten,4,weather,눈이 와요. — It's snowing.
덥다,deopda,to be hot,forgotten,4,weather,오늘 더워요. — It's hot today.
가족,gajok,family,forgotten,4,people,제 가족이에요. — It's my family.
숙제,sukje,homework,forgotten,10,study,숙제를 해요. — I do homework.
시험,siheom,exam,forgotten,4,study,시험이 어려워요. — The exam is hard.
배,bae,stomach,forgotten,9,body,배가 아파요. — My stomach hurts.
새,sae,bird,forgotten,3,nature,새가 노래해요. — The bird sings.
지갑,jigap,wallet,forgotten,3,objects,지갑을 잃어버렸어요. — I lost my wallet.
생선,saengseon,fish (food),forgotten,3,food,생선을 먹어요. — I eat fish.
넥타이,nektai,tie,forgotten,3,clothes,넥타이를 매요. — I tie a tie.
스카프,seukapeu,scarf,forgotten,3,clothes,스카프가 예뻐요. — The scarf is pretty.
모자,moja,hat/cap,forgotten,3,clothes,모자를 써요. — I put on a hat.
안경,angyeong,glasses,forgotten,3,clothes,안경을 써요. — I wear glasses.
구두,gudu,dress shoes,forgotten,3,clothes,구두를 신어요. — I put on dress shoes.
양복,yangbok,men's suit,forgotten,3,clothes,양복을 입어요. — I put on a suit.
벗다,beotda,to take off (clothes),forgotten,3,clothes,옷을 벗어요. — I take off clothes.
양말,yangmal,socks,forgotten,3,clothes,양말을 신어요. — I put on socks.
약속,yaksok,appointment/promise,forgotten,3,phrases,약속이 있어요. — I have an appointment.
기분,gibun,mood,forgotten,3,state,기분이 좋아요. — I'm in a good mood.
아침,achim,morning/breakfast,forgotten,3,time,아침을 먹어요. — I eat breakfast.
점심,jeomsim,lunch,forgotten,3,time,점심을 먹어요. — I eat lunch.
저녁,jeonyeok,evening/dinner,forgotten,3,time,저녁을 먹어요. — I eat dinner.
매일,maeil,every day,forgotten,2,frequency,매일 운동해요. — I exercise every day.
자주,jaju,often,forgotten,2,frequency,자주 가요. — I go often.
가끔,gaggeum,sometimes,forgotten,10,frequency,가끔 만나요. — We meet sometimes.
당구를 치다,danggureul chida,to play billiards,forgotten,2,hobbies,당구를 쳐요. — I play billiards.
볼링을 치다,bollingeul chida,to bowl,forgotten,2,hobbies,볼링을 쳐요. — I go bowling.
노래를 부르다,noraereul bureuda,to sing a song,forgotten,2,hobbies,노래를 불러요. — I sing a song.
사진을 찍다,sajineul jjikda,to take a photo,forgotten,2,hobbies,사진을 찍어요. — I take photos.
축구를 하다,chukgureul hada,to play soccer,forgotten,2,hobbies,축구를 해요. — I play soccer.
그림을 그리다,geurimeul geurida,to draw a picture,forgotten,2,hobbies,그림을 그려요. — I draw a picture.
등산을 하다,deungsaneul hada,to go hiking,forgotten,2,hobbies,등산을 해요. — I go hiking.
춤을 추다,chumeul chuda,to dance,forgotten,2,hobbies,춤을 춰요. — I dance.
누구,nugu,who,new,5,questions,저 사람이 누구예요? — Who is that person?
무엇,mueot,what,new,5,questions,이게 뭐예요? — What is this?
언제,eonje,when,new,5,questions,언제 와요? — When are you coming?
어디,eodi,where,new,5,questions,어디 가요? — Where are you going?
어떤,eotteon,what kind of,new,5,questions,어떤 음식 좋아해요? — What kind of food do you like?
왜,wae,why,new,5,questions,왜 안 가요? — Why aren't you going?
어떻게,eotteoke,how,new,5,questions,어떻게 가요? — How do you get there?
얼마나,eolmana,how much / how long,new,5,questions,얼마나 걸려요? — How long does it take?
몇 번,myeot beon,what number,new,5,questions,몇 번 버스예요? — Which bus number is it?
무슨,museun,what / which,new,5,questions,무슨 일이에요? — What's the matter?
전화번호,jeonhwabeonho,phone number,new,5,objects,전화번호가 뭐예요? — What's your phone number?
화장실,hwajangsil,bathroom,new,5,place,화장실이 어디예요? — Where is the bathroom?
여행,yeohaeng,travel/trip,new,5,place,여행을 가요. — I'm going on a trip.
공항,gonghang,airport,new,6,place,공항에 가요. — I'm going to the airport.
은행,eunhaeng,bank,new,2,place,은행에 가요. — I'm going to the bank.
수업,sueop,class/lesson,new,5,study,수업이 있어요. — I have class.
일찍,iljjik,early,new,5,time,일찍 일어나요. — I get up early.
계절,gyejeol,season,new,5,time,어느 계절을 좋아해요? — Which season do you like?
월요일,woryoil,Monday,new,base,weekdays,월요일에 만나요. — Let's meet on Monday.
화요일,hwayoil,Tuesday,new,base,weekdays,오늘은 화요일이에요. — Today is Tuesday.
수요일,suyoil,Wednesday,new,base,weekdays,수요일에 시간 있어요? — Are you free on Wednesday?
목요일,mogyoil,Thursday,new,base,weekdays,목요일에 시험이 있어요. — I have an exam on Thursday.
금요일,geumyoil,Friday,new,base,weekdays,금요일이 좋아요. — I like Friday.
토요일,toyoil,Saturday,new,base,weekdays,토요일에 쉬어요. — I rest on Saturday.
일요일,iryoil,Sunday,new,base,weekdays,일요일에 자요. — I sleep on Sunday.
하나,hana,one (native),new,base,numbers native,사과 하나. — One apple.
둘,dul,two (native),new,base,numbers native,사람 둘. — Two people.
셋,set,three (native),new,base,numbers native,셋 주세요. — Three please.
넷,net,four (native),new,base,numbers native,넷이에요. — It's four.
다섯,daseot,five (native),new,base,numbers native,다섯 시. — Five o'clock.
여섯,yeoseot,six (native),new,base,numbers native,여섯 시. — Six o'clock.
일곱,ilgop,seven (native),new,base,numbers native,일곱 시. — Seven o'clock.
여덟,yeodeol,eight (native),new,base,numbers native,여덟 시. — Eight o'clock.
아홉,ahop,nine (native),new,base,numbers native,아홉 시. — Nine o'clock.
열,yeol,ten (native),new,base,numbers native,열 명. — Ten people.
스물,seumul,twenty (native),new,base,numbers native,스물 살. — Twenty years old.
서른,seoreun,thirty (native),new,base,numbers native,서른 살. — Thirty years old.
백,baek,hundred (sino),new,base,numbers sino,백 원. — One hundred won.
천,cheon,thousand (sino),new,base,numbers sino,천 원. — One thousand won.
만,man,ten thousand (sino),new,base,numbers sino,만 원. — Ten thousand won.
앞,ap,in front of,new,base,place,학교 앞에. — In front of the school.
뒤,dwi,behind,new,base,place,집 뒤에. — Behind the house.
아래,arae,under,new,base,place,책상 아래에. — Under the desk.
위,wi,on / above,new,base,place,책상 위에. — On the desk.
안,an,inside,new,base,place,방 안에. — Inside the room.
밖,bak,outside,new,base,place,집 밖에. — Outside the house.
옆,yeop,beside / next to,new,base,place,저 옆에. — Next to me.
올라가다,ollagada,to go up,new,5,movement,계단으로 올라가세요. — Go up the stairs.
내려가다,naeryeogada,to go down,new,5,movement,아래로 내려가세요. — Go down.
나가다,nagada,to go out,new,5,movement,밖으로 나가세요. — Go outside.
들어가다,deureogada,to go in / enter,new,5,movement,안으로 들어가세요. — Go inside.
똑바로 가다,ttokbaro gada,to go straight,new,5,movement,똑바로 가세요. — Go straight.
돌아가다,doragada,to go back / go around,new,5,movement,돌아가세요. — Go back.
건너가다,geonneogada,to cross over,new,5,movement,길을 건너가세요. — Cross the street.
지나가다,jinagada,to pass by,new,5,movement,지나가세요. — Go past.
음식,eumsik,food,new,1B,food,한국 음식이 맛있어요. — Korean food is delicious.
선물,seonmul,gift,new,1B,objects,선물을 받아요. — I receive a gift.
고기,gogi,meat,new,1B,food,고기를 먹어요. — I eat meat.
것,geot,thing,new,1B,phrases,이것은 무엇이에요? — What is this?
맛,mat,taste,new,1B,food,맛이 좋아요. — It tastes good.
초밥,chobap,sushi,new,1B,food,초밥을 먹어요. — I eat sushi.
받다,batda,to receive,new,1B,verbs,선물을 받아요. — I receive a gift.
주문하다,jumunhada,to order,new,1B,verbs,음식을 주문해요. — I order food.
가장,gajang,the most,new,1B,phrases,가장 좋아해요. — I like it the most.
미안하다,mianhada,to be sorry,new,1B,phrases,미안해요. — I'm sorry.
혼자,honja,alone,forgotten,1B,phrases,혼자 가요. — I go alone.
치다,chida,to play (tennis) / to hit,new,1B,verbs,테니스를 쳐요. — I play tennis.
운전하다,unjeonhada,to drive,new,1B,verbs,운전해요. — I drive.
조금,jogeum,a little,new,1B,phrases,조금 알아요. — I know a little.
하지만,hajiman,but / however,new,1B,phrases,비싸요. 하지만 좋아요. — It's expensive. But it's good.
일주일에 한 번,iljuire han beon,once a week,new,1B,frequency,일주일에 한 번 가요. — I go once a week.
한 달에 한 번,han dare han beon,once a month,new,1B,frequency,한 달에 한 번 만나요. — We meet once a month.
일 년에 한 번,il nyeone han beon,once a year,new,1B,frequency,일 년에 한 번 여행해요. — I travel once a year.
크다,keuda,to be big,forgotten,4,descriptions,집이 커요. — The house is big.
작다,jakda,to be small,new,4,descriptions,방이 작아요. — The room is small.
넓다,neolda,to be wide / spacious,forgotten,4,descriptions,길이 넓어요. — The road is wide.
좁다,jopda,to be narrow,new,4,descriptions,길이 좁아요. — The road is narrow.
높다,nopda,to be high,forgotten,4,descriptions,산이 높아요. — The mountain is high.
낮다,natda,to be low,new,4,descriptions,책상이 낮아요. — The desk is low.
길다,gilda,to be long,forgotten,4,descriptions,머리가 길어요. — The hair is long.
짧다,jjalda,to be short,new,4,descriptions,머리가 짧아요. — The hair is short.
비싸다,bissada,to be expensive,forgotten,4,descriptions,옷이 비싸요. — Clothes are expensive.
싸다,ssada,to be cheap,new,4,descriptions,옷이 싸요. — Clothes are cheap.
편하다,pyeonhada,to be comfortable,forgotten,4,descriptions,의자가 편해요. — The chair is comfortable.
불편하다,bulpyeonhada,to be uncomfortable,forgotten,4,descriptions,불편해요. — It's uncomfortable.
꿈,kkum,dream,new,4,phrases,꿈을 꿔요. — I have a dream.
찾다,chatda,to look for,new,4,verbs,책을 찾아요. — I look for the book.
손님,sonnim,guest / customer,new,4,people,손님이 와요. — A guest is coming.
기다리다,gidarida,to wait,new,4,verbs,기다려 주세요. — Please wait.
가격,gagyeok,price,new,4,phrases,가격이 어때요? — How is the price?
옷차림,otcharim,outfit / attire,new,3,clothes,옷차림이 멋있어요. — Your outfit looks great.
티셔츠,tisyeocheu,T-shirt,new,3,clothes,티셔츠를 입어요. — I wear a T-shirt.
청바지,cheongbaji,jeans,new,3,clothes,청바지를 입어요. — I wear jeans.
치마,chima,skirt,new,3,clothes,치마를 입어요. — I wear a skirt.
정장,jeongjang,formal suit,new,3,clothes,정장을 입어요. — I wear a suit.
운동복,undongbok,sportswear,new,3,clothes,운동복을 입어요. — I wear sportswear.
매다,maeda,to put on (tie/scarf),new,3,clothes,넥타이를 매요. — I tie a tie.
입다,ipda,to put on (clothes),new,3,clothes,옷을 입어요. — I put on clothes.
쓰다,sseuda,to put on (cap/glasses),new,3,clothes,모자를 써요. — I put on a hat.
신다,sinda,to put on (shoes),new,3,clothes,신발을 신어요. — I put on shoes.
결혼식,gyeolhonsik,wedding,new,3,events,결혼식에 가요. — I'm going to a wedding.
아직,ajik,still / yet,new,3,phrases,아직 안 했어요. — I haven't done it yet.
이따가,ittaga,later (today),new,3,time,이따가 봐요. — See you later.
계획,gyehoek,plan,forgotten,3,phrases,계획이 있어요. — I have a plan.
이유,iyu,reason,new,3,phrases,이유가 뭐예요? — What's the reason?
채소,chaeso,vegetables,new,3,food,채소를 먹어요. — I eat vegetables.
야채,yachae,vegetables,new,3,food,야채가 신선해요. — The vegetables are fresh.
너무,neomu,too / very,new,3,phrases,너무 비싸요. — Too expensive.
운동화,undonghwa,sneakers,new,3,clothes,운동화를 신어요. — I wear sneakers.
기차역,gichayeok,train station,new,3,place,기차역이 어디예요? — Where is the train station?
취미,chwimi,hobby,new,2,hobbies,취미가 뭐예요? — What's your hobby?
그림,geurim,picture / drawing,new,2,hobbies,그림이 예뻐요. — The picture is pretty.
노래,norae,song,new,2,hobbies,노래가 좋아요. — The song is good.
신문,sinmun,newspaper,new,2,objects,신문을 읽어요. — I read the newspaper.
사무실,samusil,office,new,2,place,사무실에 가요. — I'm going to the office.
옷장,otjang,wardrobe,new,2,objects,옷장이 커요. — The wardrobe is big.
독서,dokseo,reading,new,2,hobbies,독서를 좋아해요. — I like reading.
전,jeon,ago / before,new,2,time,1년 전에. — One year ago.
빌리다,billida,to borrow,new,2,verbs,책을 빌려요. — I borrow a book.
그리다,geurida,to draw,new,2,verbs,그림을 그려요. — I draw a picture.
돈을 찾다,doneul chatda,to withdraw money,new,2,phrases,돈을 찾아요. — I withdraw money.
보통,botong,usually,new,2,frequency,보통 8시에 일어나요. — I usually get up at 8.
특히,teukhi,particularly / especially,forgotten,2,phrases,특히 좋아해요. — I particularly like it.
년,nyeon,year,new,2,time,2년 동안. — For 2 years.
박물관,bakmulgwan,museum,forgotten,5,place,박물관에 가요. — I'm going to the museum.
지하,jiha,basement / underground,forgotten,5,place,지하에 주차장이 있어요. — There's a parking lot in the basement.
길,gil,road / street,forgotten,5,place,길이 너무 좁아요. — The road is too narrow.
생일,saengil,birthday,forgotten,5,events,오늘은 제 생일이에요. — Today is my birthday.
걸리다,geollida,to take (time),forgotten,5,verbs,얼마나 걸려요? — How long does it take?
시장,sijang,market,forgotten,5,place,시장에서 야채를 사요. — I buy vegetables at the market.
비행기,bihaenggi,airplane,forgotten,6,transport,비행기로 공항에 가요. — I'm going to the airport by plane.
기차,gicha,train,forgotten,6,transport,기차를 타고 부산에 가요. — I'm taking the train to Busan.
무섭다,museopda,to be scary,new,5,state,저는 무서운 영화를 좋아해요. — I like scary movies.
스페인어,seupeineo,Spanish (language),new,5,phrases,스페인어를 어떻게 배웠어요? — How did you learn Spanish?
쯤,jjeum,about / approximately,new,5,phrases,시간이 한 시간쯤 걸려요. — It takes about one hour.
테니스장,teniseujang,tennis court,new,5,place,학교 테니스장에서 테니스를 쳐요. — I play tennis at the school tennis court.
저쪽,jeojjok,over there,new,5,place,교실은 저쪽에 있어요. — The classroom is over there.
시청,sicheong,city hall,new,5,place,시청이 어디에 있어요? — Where is the city hall?
엘리베이터,ellibeiteo,elevator,new,5,place,엘리베이터는 왼쪽에 있어요. — The elevator is on the left.
병원,byeongwon,hospital,new,5,place,"병원에서 왼쪽으로 가세요. — From the hospital, go left."
알다,alda,to know,new,5,verbs,한국병원을 알아요? — Do you know Korea Hospital?
그러면,geureomyeon,then / in that case,new,5,phrases,오른쪽으로 가세요. 그러면 은행이 있어요. — Go right. Then there's a bank.
빵집,ppangjip,bakery,new,5,place,빵집 앞에서 길을 건너세요. — Cross the road in front of the bakery.
약국,yakguk,pharmacy,new,5,place,약국 옆에 우리 집이 있어요. — Our house is next to the pharmacy.
지도,jido,map,new,5,objects,지도를 보고 길을 찾아 보세요. — Look at the map and try to find the way.
교통수단,gyotongsudan,transportation,new,6,transport,여러분이 자주 타는 교통수단은 뭐예요? — What transportation do you often use?
우체국,uchaeguk,post office,new,6,place,은행은 우체국 옆에 있어요. — The bank is next to the post office.
오토바이,otobai,motorcycle,new,6,transport,집에 오토바이를 타고 가요. — I go home by motorcycle.
택시,taeksi,taxi,new,6,transport,백화점에 택시를 타고 갔어요. — I took a taxi to the department store.
지하철,jihacheol,subway,new,6,transport,학교에 지하철을 타고 가요. — I go to school by subway.
갈아타다,garatada,to transfer,new,6,verbs,버스로 갈아타요. — Transfer to the bus.
내리다,naerida,to get off,new,6,verbs,택시에서 내려요. — Get off the taxi.
가깝다,gakkapda,to be close / near,forgotten,6,descriptions,집에서 회사까지 가까워요. — It's close from home to the company.
멀다,meolda,to be far,forgotten,6,descriptions,세종학당은 집에서 멀어요. — Sejong Institute is far from home.
정류장,jeongnyujang,bus stop,new,6,place,버스 정류장에서 호텔까지 어떻게 가요? — How do I get from the bus stop to the hotel?
호텔,hotel,hotel,new,6,place,공항에서 호텔까지 어떻게 가요? — How do I get from the airport to the hotel?
차,cha,car,new,6,transport,제 차를 타고 가요. — I'll take my car.
간식,gansik,snack,new,6,food,간식은 뭘 살까요? — What snack should we buy?
싫어하다,sireohada,to dislike,new,6,verbs,저는 쇼핑을 싫어해요. — I dislike shopping.
미술관,misulgwan,art museum,new,6,place,오늘 오후에 미술관에 갈까요? — Shall we go to the art museum this afternoon?
산,san,mountain,new,7,nature,산이 높아요. — The mountain is high.
섬,seom,island,new,7,nature,섬이 많아요. — There are many islands.
도시,dosi,city,new,7,place,도시가 커요. — The city is big.
호수,hosu,lake,new,7,nature,호수가 아름다워요. — The lake is beautiful.
약,yak,medicine,new,7,objects,약을 먹어요. — I take medicine.
여권,yeogwon,passport,new,7,travel,여권을 만들어요. — I make a passport.
수영복,suyeongbok,swimsuit,new,7,travel,수영복을 사요. — I buy a swimsuit.
구경,gugyeong,sightseeing,new,7,travel,구경을 해요. — I go sightseeing.
맛집,matjip,popular restaurant,new,7,place,맛집에 가요. — I'm going to a popular restaurant.
경주,Gyeongju,Gyeongju (city),new,7,place,경주로 여행을 갈 거예요. — I will travel to Gyeongju.
닭갈비,dakgalbi,dakgalbi (spicy stir-fried chicken),new,7,food,오늘 저녁에 닭갈비를 먹으려고 해요. — I plan to eat dakgalbi tonight.
휴가,hyuga,vacation,new,7,travel,이번 휴가에 여행을 가려고 해요. — I plan to travel on this vacation.
자르다,jareuda,to cut,new,7,verbs,머리를 자르려고 해요. — I plan to cut my hair.
불국사,Bulguksa,Bulguksa Temple,new,7,place,경주에 가려고 해요. 불국사에 가고 박물관에도 가려고 해요. — I plan to go to Gyeongju. I plan to visit Bulguksa and the museum too.
설악산,Seoraksan,Seoraksan Mountain,new,7,place,친구들하고 설악산으로 여행을 가요. — I'm going on a trip to Seoraksan with friends.
밤,bam,night,new,7,time,밤에 친구들과 파티를 하려고 해요. — I plan to have a party with friends at night.
등산화,deungsanhwa,hiking boots,new,7,travel,등산화를 사려고 해요. — I plan to buy hiking boots.
선글라스,seongeullaseu,sunglasses,new,7,travel,선글라스를 샀어요. — I bought sunglasses.
준비하다,junbihada,to prepare,forgotten,7,verbs,여행을 준비해요. — I prepare for the trip.
작년,jangnyeon,last year,forgotten,8,time,작년에 한국에 갔어요. — I went to Korea last year.
후에,hue,after,forgotten,7,time,수업 후에 만나요. — Let's meet after class.
힘들다,himdeulda,to be hard / difficult,forgotten,10,state,일이 힘들어요. — Work is hard.
오래,orae,a long time,forgotten,7,time,오래 기다렸어요. — I waited a long time.
방학,banghak,school vacation,forgotten,7,time,방학에 여행을 가요. — I travel during the school vacation.
청소하다,cheongsohada,to clean,forgotten,7,verbs,방을 청소해요. — I clean the room.
이를 닦다,ireul dakda,to brush teeth,forgotten,8,verbs,이를 닦아요. — I brush my teeth.
세수하다,sesuhada,to wash one's face,forgotten,7,verbs,아침에 세수해요. — I wash my face in the morning.
설거지하다,seolgeojihada,to wash dishes,forgotten,8,verbs,설거지를 해요. — I do the dishes.
많다,manta,to be many / a lot,forgotten,4,descriptions,사람이 많아요. — There are many people.
깨끗하다,kkaekkeutada,to be clean,forgotten,4,descriptions,방이 깨끗해요. — The room is clean.
재미있다,jaemiitda,to be fun / interesting,forgotten,4,descriptions,영화가 재미있어요. — The movie is fun.
무겁다,mugeopda,to be heavy,forgotten,4,descriptions,가방이 무거워요. — The bag is heavy.
좋다,jota,to be good,forgotten,4,descriptions,날씨가 좋아요. — The weather is good.
기쁘다,gippeuda,to be glad,forgotten,4,state,만나서 기뻐요. — I'm glad to meet you.
빠르다,ppareuda,to be fast,forgotten,4,descriptions,차가 빨라요. — The car is fast.
적다,jeokda,to be few,forgotten,4,descriptions,사람이 적어요. — There are few people.
더럽다,deoreopda,to be dirty,forgotten,4,descriptions,방이 더러워요. — The room is dirty.
재미없다,jaemieopda,to be uninteresting,forgotten,4,descriptions,수업이 재미없어요. — The class is boring.
가볍다,gabyeopda,to be light (weight),forgotten,4,descriptions,가방이 가벼워요. — The bag is light.
느리다,neurida,to be slow,forgotten,4,descriptions,버스가 느려요. — The bus is slow.
춥다,chupda,to be cold,forgotten,4,weather,겨울이 추워요. — Winter is cold.
따뜻하다,ttatteutada,to be warm,forgotten,4,weather,봄이 따뜻해요. — Spring is warm.
쌀쌀하다,ssalssalhada,to be cool / chilly,forgotten,4,weather,날씨가 쌀쌀해요. — The weather is chilly.
맑다,makda,to be clear (weather),forgotten,4,weather,하늘이 맑아요. — The sky is clear.
흐리다,heurida,to be cloudy,forgotten,4,weather,날씨가 흐려요. — The weather is cloudy.
나라,nara,country,forgotten,7,place,어느 나라에서 왔어요? — Which country are you from?
쪽,jjok,page,forgotten,7,objects,몇 쪽이에요? — What page is it?
빨리,ppalli,quickly,forgotten,7,time,빨리 오세요. — Please come quickly.
아름답다,areumdapda,to be beautiful,forgotten,7,descriptions,꽃이 아름다워요. — The flower is beautiful.
유명하다,yumyeonghada,to be famous,forgotten,8,descriptions,이 식당이 유명해요. — This restaurant is famous.
다음,daeum,next,forgotten,8,time,다음 주에 만나요. — Let's meet next week.
주부,jubu,housewife,forgotten,7,people,저는 주부예요. — I'm a housewife.
남자,namja,man,forgotten,7,people,저 남자가 누구예요? — Who is that man?
여자,yeoja,woman,forgotten,7,people,저 여자가 친구예요. — That woman is my friend.
귤,gyul,mandarin (fruit),forgotten,8,food,귤이 맛있어요. — Mandarins are delicious.
기타,gita,guitar,forgotten,2,hobbies,기타를 쳐요. — I play guitar.
헬스클럽,helseukeulleop,gym,forgotten,2,place,헬스클럽에 가요. — I go to the gym.
그래서,geuraeseo,so / therefore,forgotten,2,phrases,피곤해요. 그래서 자요. — I'm tired. So I sleep.
바지,baji,pants,forgotten,3,clothes,바지를 입어요. — I wear pants.
떡,tteok,rice cake,forgotten,3,food,떡을 먹어요. — I eat rice cake.
인터넷,inteonet,internet,forgotten,3,objects,인터넷을 해요. — I use the internet.
머리,meori,hair / head,forgotten,4,body,머리가 길어요. — The hair is long.
귀엽다,gwiyeopda,to be cute,forgotten,4,descriptions,고양이가 귀여워요. — The cat is cute.
잠,jam,sleep,forgotten,4,phrases,잠을 자요. — I sleep.
점원,jeomwon,clerk,forgotten,4,people,점원이 친절해요. — The clerk is kind.
사이즈,saijeu,size,forgotten,4,objects,사이즈가 어때요? — How's the size?
죄송하다,joesonghada,to be sorry (formal),forgotten,4,phrases,죄송합니다. — I'm sorry.
잠시,jamsi,a moment,forgotten,4,time,잠시만 기다리세요. — Please wait a moment.
보이다,boida,to show,forgotten,4,verbs,바지를 보여 주세요. — Please show me the pants.
경험,gyeongheom,experience,forgotten,8,phrases,여행 경험을 이야기해요. — I talk about my travel experience.
거리,geori,street,new,8,place,거리 구경을 해요. — I sightsee the streets.
축제,chukje,festival,new,8,events,축제에 가요. — I go to a festival.
전통 시장,jeontong sijang,traditional market,new,8,place,전통 시장에 가요. — I go to a traditional market.
새롭다,saeropda,to be new,new,8,descriptions,새로운 음식을 먹어요. — I eat new food.
공연,gongyeon,performance,new,8,events,거리 공연을 봐요. — I watch a street performance.
삼계탕,samgyetang,samgyetang (ginseng chicken soup),new,8,food,삼계탕을 먹어요. — I eat samgyetang.
명동,Myeongdong,Myeong-dong,new,8,place,명동에 가요. — I go to Myeong-dong.
인사동,Insadong,Insa-dong,new,8,place,인사동에서 전통 음식을 먹었어요. — I ate traditional food in Insa-dong.
멋있다,meositda,to be cool / fantastic,new,8,descriptions,가수가 멋있어요. — The singer is cool.
끝나다,kkeutnada,to finish / end,forgotten,8,verbs,수업이 끝났어요. — Class is over.
이,i,tooth,new,8,body,이가 아파요. — My tooth hurts.
닦다,dakda,to clean / wipe,new,8,verbs,창문을 닦아요. — I clean the window.
설거지,seolgeoji,dishwashing,new,8,phrases,설거지를 해요. — I do the dishes.
샤워하다,syawohada,to shower,forgotten,8,verbs,샤워해요. — I shower.
더,deo,more,new,8,phrases,더 비싸요. — It's more expensive.
다녀오다,danyeooda,to come back / go and return,new,8,verbs,여행 잘 다녀왔어요. — I had a good trip.
지난번,jinanbeon,last time,new,8,time,지난번보다 좋았어요. — It was better than last time.
괜찮다,gwaenchanta,to be fine / all right,new,8,phrases,괜찮아요. — It's okay.
바닷가,badatga,beach,forgotten,8,place,바닷가에서 산책했어요. — I walked at the beach.
푹,puk,really / deeply / soundly,forgotten,8,phrases,푹 쉬었어요. — I rested well.
끝,kkeut,end,new,8,phrases,축제를 끝까지 봤어요. — I watched the festival to the end.
먼저,meonjeo,first / before,new,8,phrases,먼저 가세요. — Go first.
경복궁,Gyeongbokgung,Gyeongbokgung Palace,new,8,place,경복궁을 구경했어요. — I sightsaw Gyeongbokgung.
외국 사람,oeguk saram,foreigner,new,8,people,외국 사람이 많았어요. — There were many foreigners.
날,nal,day,new,8,time,다음 날에 갔어요. — I went the next day.
참,cham,really / very,new,8,phrases,참 재미있었어요. — It was really fun.
다시,dasi,again,new,8,phrases,다시 가고 싶어요. — I want to go again.
신체,sinche,body,new,9,body,신체가 건강해요. — The body is healthy.
증상,jeungsang,symptom,new,9,body,증상이 어때요? — How are the symptoms?
눈,nun,eye,new,9,body,눈이 커요. — The eyes are big.
귀,gwi,ear,new,9,body,귀가 작아요. — The ears are small.
코,ko,nose,new,9,body,코가 아파요. — My nose hurts.
입,ip,mouth,new,9,body,입이 커요. — The mouth is big.
목,mok,throat / neck,new,9,body,목이 아파요. — My throat hurts.
팔,pal,arm,new,9,body,팔이 짧아요. — The arm is short.
손,son,hand,new,9,body,손이 작아요. — The hand is small.
다리,dari,leg,new,9,body,다리가 길어요. — The legs are long.
발,bal,foot,new,9,body,발이 커요. — The feet are big.
감기,gamgi,cold (illness),new,9,body,감기에 걸렸어요. — I caught a cold.
열이 나다,yeori nada,to have a fever,new,9,body,열이 나요. — I have a fever.
콧물,kotmul,runny nose,new,9,body,콧물이 나요. — I have a runny nose.
기침,gichim,cough,new,9,body,기침을 해요. — I cough.
몸,mom,body,new,9,body,오늘은 몸이 어때요? — How is your body today?
복잡하다,bokjapada,to be crowded / complicated,new,9,descriptions,길이 복잡해요. — The street is crowded.
아까,akka,a moment ago,forgotten,10,time,아까 길이 복잡했어요. — The street was crowded a moment ago.
단어,daneo,word,new,10,study,단어를 외워요. — I memorize words.
외우다,oeuda,to memorize,new,10,verbs,단어를 외워요. — I memorize words.
드시다,deusida,to eat / drink (honorific),new,10,verbs,맛있게 드세요. — Eat well (enjoy).
계속,gyesok,continuously,new,10,phrases,머리가 계속 아파요. — My head hurts continuously.
넣다,neota,to put in,new,10,verbs,약을 넣어요. — I put in the medicine.
이제,ije,now / from now,new,10,time,이제 안 할 거예요. — I won't do it from now on.
건강하다,geonganghada,to be healthy,new,10,state,몸이 건강해요. — The body is healthy.
생활,saenghwal,life / lifestyle,new,10,phrases,생활이 어때요? — How is life?
꼭,kkok,surely / definitely,new,10,phrases,꼭 오세요. — Please definitely come.
웃다,utda,to laugh / smile,new,10,verbs,많이 웃어요. — I laugh a lot.
지키다,jikida,to keep / protect,new,10,verbs,약속을 지켜요. — I keep my promise.
퇴근,toegeun,leaving work,new,10,time,퇴근 후에 만나요. — Let's meet after work.
요가,yoga,yoga,new,10,hobbies,요가를 해요. — I do yoga.
대학교,daehakgyo,university,new,10,place,대학교에 다녀요. — I attend university.
졸업하다,joreopada,to graduate,new,10,verbs,대학교를 졸업했어요. — I graduated from university.
팝콘,papkon,popcorn,new,10,food,팝콘을 먹어요. — I eat popcorn.
해외여행,haeoeyeohaeng,overseas trip,new,10,phrases,해외여행을 가요. — I go on an overseas trip.
초대하다,chodaehada,to invite,new,10,verbs,친구를 초대해요. — I invite a friend.
샐러드,saelleodeu,salad,new,10,food,샐러드를 먹어요. — I eat salad.
제일,jeil,the most / best,new,10,phrases,제일 좋아해요. — I like it the most.
습관,seupgwan,habit,new,10,phrases,좋은 습관이 있어요. — I have a good habit.
손을 씻다,soneul ssitda,to wash hands,forgotten,7,verbs,손을 씻어요. — I wash my hands.
빨래하다,ppallaehada,to do laundry,forgotten,7,verbs,빨래해요. — I do the laundry.
바퀴벌레,bakwibeolle,cockroach,forgotten,7,nature,바퀴벌레가 무서워요. — Cockroaches are scary.
새 옷,sae ot,new clothes,forgotten,4,clothes,새 옷을 샀어요. — I bought new clothes.
여행 경험,yeohaeng gyeongheom,travel experience,forgotten,8,phrases,여행 경험을 이야기해요. — I talk about travel experience.
테니스를 치다,teniseureul chida,to play tennis,forgotten,2,hobbies,테니스를 쳐요. — I play tennis.
모두,modu,all / everyone,forgotten,8,phrases,모두 같이 가요. — Let's all go together.
낫다,natda,to get better / recover,forgotten,9,verbs,감기가 다 나았어요. — My cold is all gone.
고향,gohyang,hometown,forgotten,8,place,고향이 어디예요? — Where is your hometown?
공책,gongchaek,notebook,new,exam-topik,objects,공책이에요. — It's a notebook.
교과서,gyogwaseo,textbook,new,exam-topik,objects,교과서가 있어요. — I have a textbook.
오랜만이에요,oraenmanieyo,long time no see,new,exam-topik,phrases,오랜만이에요! — Long time no see!
서점,seojeom,bookstore,new,exam-topik,place,서점에 가요. — I'm going to the bookstore.
술집,suljip,bar / pub,new,exam-topik,place,술집에 가요. — I'm going to the bar.
마음에 들다,maeume deulda,to like / be pleased with,new,exam-topik,phrases,이 옷이 마음에 들어요. — I like these clothes.
밝다,bakda,to be bright,new,exam-topik,descriptions,방이 밝아요. — The room is bright.
우산,usan,umbrella,new,exam-topik,objects,우산을 써요. — I use an umbrella.
사전,sajeon,dictionary,new,exam-topik,objects,사전을 봐요. — I look at the dictionary.
시끄럽다,sikkeureopda,to be noisy,new,exam-topik,descriptions,교실이 시끄러워요. — The classroom is noisy.
열다,yeolda,to open,new,exam-topik,verbs,창문을 열어요. — I open the window.
닫다,datda,to close,new,exam-topik,verbs,문을 닫아요. — I close the door.
끄다,kkeuda,to turn off,new,exam-topik,verbs,불을 꺼요. — I turn off the light.
처음,cheoeum,for the first time / beginning,new,exam-topik,phrases,처음 뵙겠습니다. — Nice to meet you for the first time.
뵙다,boepda,to meet (honorific),new,exam-topik,verbs,처음 뵙겠습니다. — Pleased to meet you.
조심히,josimhi,carefully,new,exam-topik,phrases,조심히 가세요. — Go carefully.
반갑다,bangapda,to be glad (to meet),new,exam-topik,state,만나서 반갑습니다. — Glad to meet you.
잘 지내다,jal jinaeda,to be doing well,new,exam-topik,phrases,잘 지내요. — I'm doing well.
계시다,gyesida,to be / to stay (honorific),new,exam-topik,verbs,선생님 계세요? — Is the teacher there?
여보세요,yeoboseyo,hello (on the phone),new,exam-topik,phrases,여보세요? — Hello?
아주머니,ajumeoni,lady / ma'am,new,exam-topik,people,아주머니 안녕하세요. — Hello ma'am.
시키다,sikida,to order,new,exam-topik,verbs,음식을 시켜요. — I order food.
준비,junbi,preparation,new,exam-topik,phrases,준비가 됐어요? — Are you ready?
소포,sopo,parcel,new,exam-topik,objects,소포를 부쳐요. — I mail a parcel.
부치다,buchida,to mail / send,new,exam-topik,verbs,편지를 부쳐요. — I mail a letter.
여행사,yeohaengsa,travel agency,new,exam-topik,place,여행사에서 표를 사요. — I buy tickets at the travel agency.
바꾸다,bakkuda,to exchange / change,new,exam-topik,verbs,돈을 바꿔요. — I exchange money.
세탁소,setakso,laundromat / cleaners,new,exam-topik,place,세탁소에 가요. — I'm going to the cleaners.
모자를 쓰다,mojareul sseuda,to wear a hat,new,exam-topik,phrases,모자를 써요. — I put on a hat.
우산을 쓰다,usaneul sseuda,to use an umbrella,new,exam-topik,phrases,우산을 써요. — I use an umbrella.
누구세요,nuguseyo,who is it (formal),new,exam-topik,phrases,누구세요? — Who is it?
